,log_rhk_med,log_sig_r5,sptype,lum_class
0,-4.999530743370176,-1.295861826236325,F9,V
1,-4.561620064689879,-0.7146994420164737,K0,V
2,-5.036675500847572,-1.5049793158237854,G0,V
3,-4.506733826976165,-1.1242978221391775,F4,V
4,-4.71023884060239,-1.824949871738916,F4,V
5,-4.902597859864453,-1.8433367847747801,G2,V
6,-5.086115931385781,-1.8529087190118665,G1,IV
7,-4.861514849204009,-1.8757433458718356,F5,V
8,-4.935423434026023,-1.1030515334841982,G2,V
9,-5.111295262617669,-1.7739101982240435,G3,V
10,-5.149311363604916,-1.5839017608900785,K1,IV
11,-4.796069103134212,-1.2459839329204991,F5,V
12,-5.243387519819089,-1.6511109789249119,K2,III
13,-4.995556087677522,-1.85562737689049,K0,V
14,-4.633890457211093,-0.6837374489635639,F4,V
15,-5.014591835146815,-1.5913029125208833,G7,V
16,-4.810532578155922,-1.3909623546478767,F5,V
17,-4.87042713181941,-1.9497101299990116,F7,V
18,-5.111636649383774,-1.5848179439442602,G2,V
19,-4.625338597431806,-1.2912362579554244,F3,V
20,-5.109913219619717,-1.3504538273695064,G7,IV
21,-4.926087889206962,-1.172713415766877,F7,V
22,-4.478218990909868,-0.8209798388821916,G0,V
23,-5.084202538269796,-1.7708243323341728,G1,V
24,-4.960096406322124,-0.9078559055263098,K1,V
25,-4.988574428757582,-1.9138971206543978,F7,V
26,-5.321630978735101,-1.8343657619788734,K4,III
27,-4.9729814204611404,-1.211642930603838,G6,V
28,-5.323314288477187,-2.026909900098116,K3,III
29,-5.11791915019693,-1.2722908830515887,K0,III
30,-4.837921585378474,-0.8952710284917634,F5,V
31,-5.148067580113619,-2.003322161941168,K1,III
32,-5.190214238193881,-1.6374236666418753,G9,III
33,-5.119241175804097,-1.4128001130742822,G0,IV
34,-5.276946903024322,-1.9321476534287638,G9,III
35,-4.853810523990481,-1.0949771398713377,F7,V
36,-5.165345662159522,-1.8868362899803586,K2,IV
37,-5.133789206884777,-1.658977474088312,G5,V
38,-5.298810518201958,-1.7660952827576404,K3,III
39,-5.000724667503804,-1.77428786781451,G9,V
40,-4.496044698084542,-0.7636283518847318,K2,V
41,-4.746701037195739,-0.8380460159551758,K4,V
42,-5.109584069425246,-1.2190095992466201,K0,III
43,-5.2674739163681945,-1.7797630352121794,K2,III
44,-4.787791554159199,-1.2792492136190292,F5,V
45,-5.0335723479832835,-1.732407886710918,F6,V
46,-5.311903781747075,-1.7279516287582424,K2,III
47,-4.824701886370957,-1.6997951962419615,F6,V
48,-4.792131966050531,-1.3795667639359463,F8,V
49,-4.730471493576348,-1.1256734566771163,K0,III
50,-4.935306027579427,-1.8401189176106847,F7,V
51,-5.268122212953799,-2.0338949325128297,K3,III
52,-4.59366383700208,-0.5964098597109105,F7,V
53,-4.827244110122992,-1.327809106855824,F7,V
54,-5.281747414118269,-1.8256375170871073,K2,III
55,-5.062679400400772,-1.149134241410338,G0,IV
56,-4.8508755222156195,-1.688906909735398,F5,V
57,-5.101956677980018,-1.4188601904416442,G1,IV
58,-5.276153474040628,-1.639088540726431,K2,III
59,-5.103202445650865,-1.8886291309149257,G3,IV
60,-5.1085447848738665,-1.703029581923456,G2,V
61,-5.312673885627997,-1.6924187480756525,K3,III
62,-5.188194077457106,-2.0074532171243833,K3,III
63,-4.9405670973530915,-1.7724161701454246,G5,V
64,-5.2284850473256865,-1.627981742318937,K1,III
65,-4.958550554002595,-1.4745626033628814,F8,V
66,-4.960774417231556,-0.95922642713025,K2,V
67,-4.990791792505578,-1.9363209146423106,F7,V
68,-5.237763850988572,-1.718182925580286,K3,III
69,-5.413700751032996,-1.7413942621532639,K2,III
70,-4.987373321134329,-1.3452453697760913,F9,IV
71,-5.272649271780927,-1.6467795302344106,K2,III
72,-5.303970270066686,-1.6615368807646622,K3,III
73,-5.287951513876168,-1.8804584450718709,K2,III
74,-4.980306549111661,-1.6100434267761001,F9,V
75,-4.788476408179264,-0.7195854777599479,G4,V
76,-4.741938670662027,-1.1296936115301432,F7,V
77,-5.034274669129447,-1.3913444342846466,K3,III
78,-4.908330851762416,-1.6768935914152396,F6,V
79,-5.047115216839952,-1.341837181372889,F9,V
80,-4.977588036780233,-1.7742019491440675,K0,V
81,-4.812397775676891,-1.2116477976776705,F4,V
82,-4.666331814306903,-0.6483826056097809,G4,V
83,-4.874682849111538,-1.3718742161306614,G2,V
84,-5.268576527728435,-1.863068603531269,K2,III
85,-4.916626543624569,-1.6568999562987616,G0,V
86,-5.3369027185528735,-1.4507036118093346,K3,III
87,-4.418146679101851,-1.0399839579549344,K3,V
88,-4.737056219525694,-0.8666900643676758,K5,V
89,-4.882043982184787,-1.2837151950173438,G9,V
90,-4.533831007520615,-0.8914082155921758,K4,V
91,-4.685335231220257,-0.7626995317626596,K4,V
92,-4.394552907309029,-0.8761834084912773,K2,V
93,-4.402524943721275,-0.9228679393973617,K3,V
94,-4.441814824567709,-1.0177481220486466,K4,V
95,-4.748179223289548,-0.8069561979210944,K4,V
96,-4.419918833579384,-0.7736891958878315,K5,V
97,-4.520893074072634,-1.01694942700785,F2,V
98,-4.827445309186483,-0.6985282320290443,K4,V
99,-4.585228079703945,-0.5278941709108539,K4,V
100,-4.714478275950457,-0.6315569356683498,K4,V
101,-4.645298746719475,-0.6862821449460547,K3,V
102,-4.753121975599861,-0.722462536494856,K3,V
103,-4.7730277165599855,-0.5288600189215895,G7,V
104,-4.723592180000888,-0.9570647736421729,G4,V
105,-4.442898502930619,-0.9912726755752904,K4,V
106,-3.9403875143236053,-0.30891286618046004,G5,V
107,-4.893072801211729,-1.0822355685738307,F9,V
108,-4.908952772598461,-0.8964890220964059,K3,V
109,-5.001025838834871,-1.2355895646367736,K1,V
110,-4.9870511949994905,-1.0095767794514343,K0,V
111,-4.184279032484221,-0.5898946852016063,G9,V
112,-4.80680891036042,-0.7764690042209216,K0,V
113,-5.102571730820514,-1.5937004623566637,G9,V
114,-5.023030723468864,-1.0960731945150106,G8,V
115,-5.068104683084396,-1.2605291768385782,G8,V
116,-5.086857388577636,-1.266173961386168,G7,V
117,-4.943100913883079,-1.0078991366967662,G3,V
118,-5.2429108385519525,-1.4280656906582196,G2,IV
119,-4.832043704813487,-1.435889585583271,F7,V
120,-4.740235811182604,-0.8757990206400664,G4,V
121,-4.6672216474186135,-1.1847357740756377,K4,V
122,-4.994016297426509,-1.54369539358188,G0,V
123,-5.086542453620666,-1.3275935495065863,G1,V
124,-4.9983182633025205,-1.0428735257017578,K1,V
125,-5.1261942925662565,-1.5544517029056895,G5,V
126,-4.527668110868147,-0.9382071330686746,G9,V
127,-5.0275366901382466,-1.5047106250963593,F7,V
128,-4.731992933731277,-1.0272158754992675,F8,V
129,-4.4424834346910655,-1.1146490976936987,F7,V
130,-4.948984048824429,-1.6258747787291026,G5,V
131,-4.949080035096204,-1.6308294146795659,G7,V
132,-4.6224050467812265,-0.39927485299482884,G3,V
133,-5.071850140995031,-1.1490493878899928,K0,V
134,-4.7643179435568435,-0.7845492499361569,F3,V
135,-5.122569603480865,-1.270346232587923,F9,IV
136,-4.9682485313302305,-1.435045339322126,K2,V
137,-4.7349594058551085,-0.9936306270775294,K2,V
138,-5.0507209185984,-1.4859937453297212,G8,V
139,-4.644136065758632,-1.36755903321791,F1,V
140,-4.925755039817099,-0.8384631254112561,G0,V
141,-4.885849013449509,-1.1488609550833364,G4,V
142,-4.949848143341997,-1.8555515469448287,G4,V
143,-4.305321658447738,-0.6143753946337017,G5,V
144,-5.035365686007072,-1.0356895741673875,G1,V
145,-4.887039080759643,-0.9113405359296963,G2,V
146,-4.79009860922099,-1.1857894133940854,G0,V
147,-5.03861704562012,-1.1734142690919613,F7,V
148,-5.029543686994073,-1.4015313690859816,G4,V
149,-4.909887317041629,-0.6102532458356081,K2,V
150,-4.839418063382869,-0.8597747307932527,F9,V
151,-5.233598671492737,-1.5127705672096186,G6,IV
152,-4.825400942882214,-1.031270540810064,G6,V
153,-5.042104832835537,-1.20789064614906,G2,V
154,-5.231909312498944,-1.5494887619728426,G3,IV
155,-5.351911395154956,-1.5470788917161846,F9,IV
156,-4.768764479787669,-1.3189469283684865,F7,V
157,-4.503371820926413,-0.8977067022708201,K4,V
158,-5.025165618479897,-1.5063635174663954,G2,V
159,-4.934391619061428,-0.9980196586008768,K1,V
160,-4.852402332695894,-0.8870427611695886,K4,V
161,-4.896644625836329,-0.9106132848876973,G5,V
162,-4.721377886010102,-0.7076239548018847,G4,V
163,-5.012584612735456,-1.0492597349643802,G6,V
164,-5.153535573144613,-1.0492984445256874,G1,IV
165,-4.349464742051653,-0.6836225820035817,G2,V
166,-4.956081614692239,-1.1546845935518357,K2,V
167,-4.996153953731384,-1.084857929681699,G2,V
168,-4.806746109895106,-1.6506915446957697,G0,V
169,-5.21192840214248,-1.7162876085688015,G1,IV
170,-4.9418187489755505,-1.4194047192265398,F9,V
171,-4.889326678460269,-0.8663461322023365,K2,V
172,-4.926321878298482,-0.7860837215344623,K0,V
173,-4.867902026927841,-0.9460489385567655,G6,V
174,-5.085001037563226,-1.811664686665429,G2,V
175,-4.983763906040262,-1.652856303844986,G8,V
176,-4.956609044087005,-1.4576448895230385,G9,V
177,-5.01357460437684,-1.0007874280198457,F9,V
178,-4.911945663918493,-1.447118072424269,G5,V
179,-5.2441834687223405,-1.4172454592825503,G2,IV
180,-4.964378757814801,-1.9512377679150315,F8,V
181,-4.754336834989842,-0.6123273289197093,G7,V
182,-4.977756773483933,-1.4390252743274028,F8,V
183,-4.840672954844058,-1.118796508317625,K3,V
184,-4.988580794992804,-1.4696217062334471,G2,V
185,-4.8977982309368535,-1.2834597698266257,G6,V
186,-5.043134721257063,-1.2815054622772066,G1,V
187,-4.994851635751171,-1.1629739642990964,K2,V
188,-4.93224348718317,-0.6866268249652517,K3,V
189,-5.146405504331447,-1.0997920023951804,G3,IV
190,-5.005455994417952,-1.762155330635797,G1,V
191,-4.883657354398258,-0.6100064275689813,K1,V
192,-4.972521212225774,-1.1437159134387667,K1,V
193,-4.944266135047949,-1.443675122900936,G3,V
194,-4.985583773080283,-1.9184588017889392,G2,V
195,-4.981066471053996,-1.2211908939702905,G2,V
196,-4.913487767443219,-0.7513848936428793,F9,V
197,-5.149275432908346,-1.610272664944289,G3,V
198,-4.900525802050033,-1.3786286348816645,G5,V
199,-4.974613810168895,-1.2108203789802467,F6,V
200,-4.856007243015337,-0.674767687595275,K3,V
201,-5.130539579374146,-0.9559925122944694,G4,V
202,-4.884190287210691,-0.9358667648724041,G0,V
203,-4.799628154481706,-0.9065120534065734,K2,V
204,-4.923641402117309,-1.7969901805857742,G1,V
205,-5.08784193232971,-1.73290228135675,G5,V
206,-4.97881631414209,-1.6774416795017708,F9,V
207,-4.742323323952462,-0.7463178409192064,G8,V
208,-4.827736523026644,-1.261578045281776,G2,V
209,-4.709582380908649,-0.8199269718255229,K4,V
210,-4.5050039128980215,-1.0097412628029196,K4,V
211,-5.037245407202428,-1.0639691711121824,F7,V
212,-4.883149231865402,-1.6744146568233356,F9,V
213,-5.176072285893274,-1.8096579267429607,G9,IV
214,-4.682324603603531,-0.9609462458333257,K1,V
215,-4.904197408003494,-1.4897599995604547,F6,V
216,-4.98671419811193,-1.1298733761881858,G6,V
217,-4.904037043985662,-1.2321292650059459,G4,V
218,-4.831298912585835,-0.9869692601542007,F9,V
219,-4.989374558026215,-1.8618795986851207,F9,V
220,-5.1149443513019675,-1.5182235930682608,G9,V
221,-4.823608805833695,-0.8044652902634648,G6,V
222,-5.008826749422258,-1.5008432095158069,G9,V
223,-5.254900521930955,-1.1617928727865157,F9,IV
224,-4.831805112917124,-1.2138344333119409,G0,V
225,-4.978533733980412,-1.3679238654454833,G4,V
226,-4.6122353462238115,-0.6459255879630099,K1,V
227,-5.140442774858517,-1.3379924742267804,G1,IV
228,-5.0135053383408055,-1.677466190846497,G8,V
229,-4.844774941680456,-0.9363363285734835,G6,V
230,-4.778605985151557,-1.0747967388843422,G1,V
231,-4.929789618151408,-0.9057430543169953,K3,V
232,-5.0937668431670735,-1.373082732561313,G4,IV
233,-4.800856846208195,-1.4762565602263378,F9,V
234,-4.95055668264472,-0.8488665121994616,K2,V
235,-4.761137190793994,-0.8818916661344318,K4,V
236,-4.907375859093863,-0.7938582527304369,G0,V
237,-4.873710570929684,-1.37702382950201,F9,V
238,-4.704055329223319,-0.5916010198262013,K3,V
239,-4.9985127751305685,-1.5797658755163753,G5,V
240,-4.48390397510397,-0.5075042437179215,K0,V
241,-4.827252213490575,-1.1405776470619708,G6,V
242,-4.864540026576898,-1.4505819725915494,G0,V
243,-4.936393107911213,-1.4403201383035864,G8,V
244,-4.521650937470297,-0.9540449763402383,K4,V
245,-4.639361247207326,-0.9534440266327938,K2,V
246,-4.519637566223805,-0.7362249585916087,F8,V
247,-4.871957766511061,-1.7212277563803149,F7,V
248,-4.676488634094449,-0.5204671266314266,K3,V
249,-4.889675370166216,-1.5405257468753166,F8,V
250,-4.91811630156632,-1.6162664112581282,G7,V
251,-4.988051976197356,-1.0780094404922136,G1,V
252,-5.1448379271269475,-1.925679298966588,G1,IV
253,-5.047250121358261,-0.8702634669487013,K3,V
254,-4.770788550508182,-0.8183565950124759,G9,V
255,-4.851192632275704,-0.646268559072009,K0,V
256,-5.015255401640307,-0.9768430158377591,K2,V
257,-4.907012899979382,-1.2113178442063555,F6,V
258,-4.851995630456363,-1.0691360442825377,K3,V
259,-5.117034239303474,-1.1147483372209261,G5,V
260,-5.009696371975633,-0.9955637547493615,G9,V
261,-4.849564845014234,-0.7669249296552509,G0,V
262,-4.660712061755121,-0.9150232316918102,K4,V
263,-4.875685481838529,-1.1640535818589983,G4,V
264,-4.640823793099183,-0.6622072647900448,K2,V
265,-4.873215069464283,-0.8275441775505091,G8,V
266,-5.15558326912178,-1.2568330361076734,G5,V
267,-4.992060711702913,-1.3819661169055324,G2,V
268,-4.946297625560555,-1.2756525981459714,G6,V
269,-4.997837629934216,-1.541303679476012,G0,V
270,-4.810754748157619,-1.3878420066439394,G4,V
271,-4.92527491472031,-1.5864479001434353,G2,V
272,-4.956050193887138,-0.9033311703120217,K2,V
273,-5.106336493368708,-1.7634646335119069,G5,V
274,-4.836338318887514,-1.0424103296558516,G1,V
275,-4.793526624922217,-0.8925395651949175,G2,V
276,-5.001537347094296,-1.3891382814933182,K2,V
277,-4.991280119565041,-1.1471830081995984,F6,V
278,-5.026187754846684,-1.0474883599141365,F9,V
279,-5.084840822430156,-1.2063306155663973,G1,V
280,-4.761741424843219,-0.8227078406118382,K2,V
281,-5.011380192904995,-1.973091458639838,G9,V
282,-5.303092838610707,-1.674007286513197,K2,III
283,-4.746644540669935,-0.9646474864792307,G1,V
284,-4.7317533653728665,-0.8116938272629942,K3,V
285,-4.882198173076124,-0.8054179996578047,K0,V
286,-5.113081092286212,-1.549243713136284,K0,IV
287,-4.448047965195296,-0.7866645989996861,K3,V
288,-4.904684248379318,-0.6555401173681202,K2,V
289,-4.852924170599813,-0.7675312615890596,G6,V
290,-4.972316853992926,-1.5298455495585943,G0,V
291,-4.62147550906557,-0.7377212262969232,K2,V
292,-4.904288885207511,-1.5870659959787907,F6,V
293,-4.942003882918416,-1.121100238514038,F7,V
294,-4.9804691947524065,-1.2272188291393498,F7,V
295,-4.906182141223034,-1.3703216627788837,G7,V
296,-4.7200677931680675,-0.8388285451325599,G6,V
297,-5.1588639202235145,-1.5761266379945342,G3,IV
298,-4.534713731320836,-0.9312518610092095,F3,V
299,-4.846727762818648,-0.9662187876788715,F7,V
300,-5.014248981619963,-0.8689477191324047,G6,V
301,-4.914121781244864,-1.460258379927005,G1,V
302,-4.919856607669301,-1.6794794363249383,F6,V
303,-5.107323453301494,-1.621983869170991,G8,V
304,-4.462955205353315,-0.7195409836583397,G1,V
305,-4.9887209676932684,-1.3422461450344767,G2,V
306,-4.9269584319535324,-0.9059888331602824,K4,V
307,-4.925867549049006,-1.9298160558886126,G2,V
308,-5.204314967838157,-1.6276940907661481,G1,V
309,-5.114236399325276,-1.1719673451257917,G8,V
310,-4.892552426448366,-1.656038263621211,G2,V
311,-4.8463706642052635,-0.8811477033731515,G0,V
312,-4.667081109872332,-0.7302970751016482,G8,V
313,-4.699775149499626,-1.4164361384176485,F5,V
314,-4.794538302177151,-1.169983844520356,K3,V
315,-5.050780177936239,-0.9771374364516995,G2,IV
316,-5.096043150002755,-1.3560919916777625,G0,V
317,-5.008863917900973,-1.2637152001896648,F6,V
318,-4.924131216625394,-1.1297590074960524,K2,V
319,-5.0769248516613725,-1.1935875672356242,G1,V
320,-4.8848435156080425,-1.3064235071062622,F8,V
321,-5.002413861095336,-0.9857793253212047,G0,V
322,-4.809092216249565,-1.3303451964361819,F8,V
323,-4.611257732865149,-0.7405725203749881,F9,V
324,-4.910899512464628,-1.0353928057115638,K2,V
325,-4.912814012446605,-1.3937469943620773,G8,V
326,-4.750358429935955,-1.2153560959845915,G0,V
327,-5.079567612293918,-1.8728312304087913,G2,IV
328,-4.988765098148628,-1.45259051096071,G2,V
329,-5.0319323320733895,-1.5547686669980054,G2,V
330,-5.037708486398924,-1.4133796594812988,G7,V
331,-4.571593409798559,-0.6128205694061916,K3,V
332,-4.890026203432258,-1.0463223257090426,F6,V
333,-4.951241401707965,-1.3003262568875804,G7,V
334,-5.004883163680786,-1.9501380980100296,G7,V
335,-4.895991949996945,-0.988848120356602,G5,V
336,-4.571514313316375,-0.8843219602864463,F8,V
337,-5.17936965616499,-1.5139794030576714,F8,IV
338,-4.43859013593854,-0.889862708834777,G2,V
339,-4.935375510586387,-0.9602912128683975,F7,V
340,-4.901154661667493,-1.4908796906585382,G0,V
341,-4.655446515817964,-0.6694494789279969,K3,V
342,-4.994521957637038,-0.8524523078970366,G3,V
343,-4.883548234967958,-1.694753811093333,G0,V
344,-5.205614709659207,-1.5193464081988184,G1,IV
345,-5.005107720216373,-1.030509797744357,F6,V
346,-4.682901646047615,-0.6847218964012518,G5,V
347,-4.844611100797348,-1.0509826310974026,G3,V
348,-4.953350064720513,-1.025719372837534,G7,V
349,-4.88033349701397,-1.0019114784576744,G0,V
350,-4.891195226256839,-1.633609870303124,F7,V
351,-4.9473635816505865,-1.5402473286110272,G5,V
352,-5.056071886820246,-1.021484215806032,G1,V
353,-5.180445877005648,-1.322363368054797,G8,IV
354,-5.058745983981606,-1.4031524945435443,G1,V
355,-5.055002562208556,-1.8026204852990952,G8,V
356,-5.1269985988031515,-1.0288759257493778,G2,V
357,-4.442822744807871,-0.7177741644173333,G8,V
358,-4.876521761714207,-0.7908475320823911,K4,V
359,-4.924635180715893,-0.9923095729340514,K1,V
360,-4.449417117031973,-0.8010811608823907,K2,V
361,-4.971085476658204,-1.0802919228097094,F9,V
362,-5.072319665964432,-1.3153603081295204,G9,V
363,-5.180168800493532,-1.5436902200741638,G5,IV
364,-4.918296062304674,-0.791922856635762,G0,V
365,-4.807711529524487,-0.8600106859810376,F9,V
366,-4.865551275200451,-1.0345184712435096,K3,V
367,-5.107511434017685,-1.2041122974035896,G3,V
368,-5.1817383208434755,-1.9330515519029456,G1,V
369,-4.9018896565586445,-0.9961661658416966,G2,V
370,-5.00560933286741,-1.2242607099482785,K3,V
371,-4.855178809431724,-0.8175629653243373,G2,V
372,-5.156095355233468,-1.103360817773526,G1,V
373,-4.782045457494761,-1.376547024096913,F5,V
374,-4.502875464877482,-0.5624579924098363,K0,V
375,-5.134452145593392,-1.1788630365791226,G0,IV
376,-4.673506722260126,-0.8016998777911539,G0,V
377,-5.012260202002347,-1.0425062125249118,G8,V
378,-4.935586550093775,-1.6621224656043654,F9,V
379,-5.020444228050499,-1.6275868693158042,G4,V
380,-4.788073707684089,-0.8921317817600242,G7,V
381,-4.963645578783617,-1.488517760016396,F8,V
382,-4.663248801294996,-0.49054345718310516,K3,V
383,-4.729534574722024,-1.4387110031981951,G9,V
384,-4.8409997375465,-0.9973742603410535,G2,V
385,-4.798633617118451,-0.8644607378757758,F6,V
386,-4.786288018288175,-0.7312352164687241,K3,V
387,-4.438890956435151,-0.8219646427577946,K4,V
388,-4.928812608245809,-1.1724400590213178,G7,V
389,-5.048618862016659,-1.0548638831669526,G5,V
390,-5.192265529779958,-1.2129141841083337,G1,IV
391,-4.990881452638106,-1.247442284290487,F7,V
392,-4.870877592511105,-0.7630292672555201,K3,V
393,-5.053940549626795,-1.6579691365218037,G6,V
394,-4.70093071627192,-0.8381830947816813,G9,V
395,-4.91094291999483,-1.6275457755915617,F9,V
396,-4.452986122605673,-1.0455850243838911,K3,V
397,-4.671771960102341,-0.7428352253423648,K4,V
398,-4.711523929832917,-0.8261250378002672,G8,V
399,-4.441392767745965,-0.7035234761537636,F8,V
400,-4.946010972866707,-1.0926475178628914,G0,V
401,-4.980934384839861,-0.8765586249522072,G1,V
402,-5.085532875472562,-1.295353508118456,G9,V
403,-5.154791554785386,-1.2154802917798844,G3,V
404,-5.12611769632776,-0.9428974094322148,G4,IV
405,-5.099252714765684,-1.664479598497683,G9,V
406,-4.724088919896486,-0.86149955612515,K2,V
407,-5.010735569932276,-1.2882335943011776,G1,V
408,-4.972919620532513,-1.6524483388897164,G7,V
409,-4.989772491901576,-1.081852058773972,G1,V
410,-4.359141199653564,-0.7634673409226522,G9,V
411,-4.981415486614675,-0.9765845506253467,G8,V
412,-5.172493809859184,-1.7314271321008379,G6,IV
413,-5.055896006797557,-1.607669675472001,G6,V
414,-4.472000367034746,-0.6593851895870582,G9,V
415,-4.776714663639503,-0.9320338513500077,K3,V
416,-4.951280855392073,-0.8471781789011378,G9,V
417,-4.959418488247431,-1.7726715395541224,F9,V
418,-4.9238593439025085,-1.5525442923622619,F9,V
419,-4.719487221589932,-0.8067208181955593,K4,V
420,-4.9560442606203505,-1.6912465909220094,F6,V
421,-5.004354602290784,-1.6032471823493688,K0,III
422,-4.8937772453824975,-0.7221050034273956,K3,V
423,-4.317103125962204,-0.7638835516192283,G6,V
424,-5.112374775686398,-1.322076215785304,G4,IV
425,-4.756000815836218,-1.096884125798527,G9,V
426,-4.92635776967919,-1.0401207034302922,G5,V
427,-5.149478629739205,-1.601993943312521,F9,IV
428,-4.887760130209223,-1.2413857817528136,G6,V
429,-4.771312720055146,-1.087232692398493,G8,V
430,-4.909766440433826,-1.2701639865765912,G3,V
431,-4.751788298657646,-0.7942455718648591,G5,V
432,-5.291572033584026,-1.493538105978488,K3,III
433,-4.901700091460919,-1.2965412427357357,F7,V
434,-4.919860242591449,-1.1137069735438845,F7,V
435,-4.888268527077344,-0.7385124744159071,G3,V
436,-4.939844999915278,-1.0064198393890171,K1,V
437,-4.829949226454767,-1.7248053312065668,F9,V
438,-4.933052373355523,-1.2986706721323098,G9,V
439,-5.025023505849146,-0.8397328448779886,K0,IV
440,-4.569529903492056,-0.9128322300988396,K4,V
441,-4.854797976307259,-1.291518438304144,F8,V
442,-4.830401252263534,-1.0282842481565808,K2,V
443,-4.868282672356587,-0.9015820937855316,F9,V
444,-4.831509783699912,-1.0244249558613276,G1,V
445,-4.901195565648055,-0.9832675547305004,G5,V
446,-4.902057106003377,-1.7315825295678795,G1,V
447,-5.113492103499498,-1.6009655089914683,G5,V
448,-4.926988492195125,-1.5970941498393532,G1,V
449,-4.765974281314399,-0.6750359929437837,K1,V
450,-4.839173585247743,-1.0326512184929602,F7,V
451,-5.270605964257669,-1.5477619002721634,K1,III
452,-5.005563042705649,-1.3972842497171112,K2,V
453,-4.720809306480442,-1.078432598903418,F7,V
454,-4.906781228692273,-0.8254053816152545,G2,V
455,-4.892639661370931,-1.6821240013359189,F9,V
456,-4.313203805861419,-0.8568929912634926,F8,V
457,-4.948829055597999,-1.0131521479104624,F8,V
458,-5.128353929762084,-1.5962400226483155,K2,V
459,-4.978057206143724,-1.3750548521908297,G2,V
460,-5.270636582330996,-1.5692090928735363,K2,III
461,-4.986608973664897,-1.3468567168877643,F9,V
462,-4.549515088053838,-0.8401554080668489,F9,V
463,-4.3019517398867375,-0.8397288783806092,G0,V
464,-4.941044331156473,-1.4461803702319456,G2,V
465,-4.84646838995848,-0.8411177895127638,K4,V
466,-4.602150247165838,-0.7202146169971849,G8,V
467,-5.111451421067212,-1.398507773143135,G2,V
468,-4.9352365874863535,-1.6795345737521725,F6,V
469,-4.944651589957113,-0.8166128064781351,K3,V
470,-5.05561753349704,-1.598256202315549,G6,V
471,-4.975519284549175,-1.2066827123379433,G2,V
472,-5.030659857177329,-1.4030588462867313,G2,V
473,-5.1578946394356535,-1.1829253454429562,G5,V
474,-4.907363364823307,-1.5314811328308502,G0,V
475,-5.0658950512364145,-1.6114890965522182,G1,V
476,-4.56863276235816,-1.0236055546785452,K0,V
477,-4.886220672089925,-1.0748060845838363,K3,V
478,-5.2415047418855565,-1.3252355208620004,G5,IV
479,-4.77647892295543,-0.6951697813198688,K3,V
480,-4.970810506001003,-1.584351271567024,G6,V
481,-4.814950667626465,-1.3530409706761328,F7,V
482,-4.91383958598057,-1.3607513335802612,G3,V
483,-4.790933946726865,-0.7959280511111441,G1,V
484,-4.988787482233386,-1.1674706613298533,F6,V
485,-4.4777479716997215,-0.9718116504301814,K2,V
486,-4.582787445706758,-0.889166332809478,G2,V
487,-4.423589849295598,-0.6829221421142505,G8,V
488,-4.901518466278154,-1.3201236192959354,G8,V
489,-4.8418834326516835,-0.7534565379881685,G2,V
490,-5.03631478620158,-1.3235996396512557,G2,V
491,-5.160803595334365,-1.7132823484218256,G5,V
492,-4.979725201481126,-1.424143916599404,G8,V
493,-5.060209893393391,-1.316216526118317,F9,IV
494,-4.864754881294885,-1.2345246450362972,F7,V
495,-5.053322523862236,-1.061339776783222,G0,V
496,-4.645639595641355,-0.7830349776601606,K5,V
497,-4.991427612895858,-1.5570410269225456,K2,V
498,-5.10413495184749,-1.2659443811043216,G0,IV
499,-4.374565465245855,-0.7463998583216956,K2,V
500,-4.966965606010955,-1.764372191701936,K1,V
501,-4.688076680794155,-0.6318335977890706,K0,V
502,-4.966772965289695,-0.7995057510849874,K2,V
503,-5.010554214965693,-1.1379573497907822,F6,V
504,-4.9234048422104255,-1.0744507316899081,G0,V
505,-4.8473316605507515,-1.3246980875397598,G5,V
506,-4.848019686159492,-1.4198669282990684,G6,V
507,-5.151695676202696,-1.2722961328668836,G2,IV
508,-5.003215508432225,-1.1916386647198531,G0,V
509,-5.0088621090925,-1.6919431404431182,G3,V
510,-5.101231779141182,-1.4533315728172005,G2,IV
511,-4.981543749695902,-0.8349944255532455,G6,V
512,-4.878507860551681,-1.235296651922506,G2,V
513,-5.175323431448414,-1.8155618944498877,G4,IV
514,-4.940440153268596,-1.3287039004926777,F8,V
515,-5.089732192391493,-1.579348146070023,G0,V
516,-4.970511485429043,-1.0197468803416827,G2,V
517,-4.932593547632084,-1.2502784957082242,G8,V
518,-5.000867471501536,-1.6407869723291932,F9,V
519,-4.823207819259975,-1.4351768909137037,F9,V
520,-5.001824978218078,-1.3588481540245498,G4,V
521,-4.912339821437685,-1.2166217294759842,G3,V
522,-5.024374565484287,-1.3788283557148175,G2,V
523,-4.876635806739858,-1.0851528299133968,G6,V
524,-4.40667010449527,-0.4806794408286086,F9,V
525,-4.9390646359566555,-1.372078666332818,F8,V
526,-4.770021100602323,-1.0277099624308068,F6,V
527,-4.895869188475316,-1.2220027293721596,G2,V
528,-4.764425111680923,-0.6466068075992686,G9,V
529,-4.8495180378662655,-0.8270691268811295,G5,V
530,-4.920749045858747,-1.3953277628294722,G1,V
531,-5.0379250681101295,-1.4872684506934708,G0,V
532,-4.888353140161572,-1.5653667467129777,G2,V
533,-4.846348875609917,-1.4419119756421819,G0,V
534,-4.9122558500640965,-1.2501127699013603,G2,V
535,-5.0029443197646275,-1.2780772242903837,G2,V
536,-4.611700671639345,-0.9905533510070561,K4,V
537,-5.012239472685251,-0.8943255022538729,G8,V
538,-4.434023324476738,-0.7710383676965308,K2,V
539,-4.687297722933691,-1.2762142230556424,K3,V
540,-4.998017171412537,-1.0459140771786637,F9,V
541,-4.993680712108073,-1.3905287077422162,G1,V
542,-5.3168200056111115,-1.8179860055206718,K3,III
543,-5.087989532583748,-1.0506851302165094,G8,V
544,-4.988630029704312,-1.533371416543709,G0,V
545,-4.555093736397571,-0.7527755295598302,G5,V
546,-4.9535996831193865,-1.2763131327124004,G0,V
547,-5.101165133217153,-1.5634340381493705,G2,V
548,-4.7487208787216435,-0.8639721523105832,G2,V
549,-4.704446622499765,-0.9798755685099326,K3,V
550,-4.788040617965271,-0.8289899362529104,F9,V
551,-5.055423452421998,-1.320100367284898,G6,V
552,-4.88596671028225,-0.7335414963537664,G5,V
553,-5.135200448418746,-1.4474701046804335,G2,IV
554,-4.722190375489996,-0.7402919391770726,K1,V
555,-4.878216638744871,-1.6422003321550451,G1,V
556,-5.124584764458522,-1.3099165805402464,G3,IV
557,-5.0433367493252055,-1.3701280230617034,G2,V
558,-4.952904783840429,-1.6542031535117543,F9,V
559,-4.704632186564064,-0.9379157201162999,K3,V
560,-4.921932468708306,-0.9603262241778042,K2,V
561,-4.8914403120424765,-1.18454172592597,F6,V
562,-5.036210331825877,-1.6602436019779108,G8,V
563,-4.84155594923782,-1.0850033754287738,F4,V
564,-4.874470475691046,-1.173280770957958,G6,V
565,-4.789753064221705,-0.9441941644269244,G3,V
566,-5.0289648969352205,-1.410842246736461,G1,V
567,-5.040536793500389,-1.3082710525054049,G0,V
568,-5.181954938540064,-1.1807746900110927,G3,IV
569,-4.926663810187251,-1.2148724989911912,G2,V
570,-4.920836554917587,-1.2633307759143364,G3,V
571,-4.8897881372527685,-1.0908571891436531,G0,V
572,-4.920889363929321,-1.4997600475475248,F8,V
573,-5.008668109572351,-1.6039950561768896,G5,V
574,-5.0499034024157,-1.585408238742521,K0,V
575,-4.906638874797786,-1.3828787965263671,G2,V
576,-4.738614812138782,-0.8801025494395608,G3,V
577,-4.9486709503259,-1.2231873051178466,G7,V
578,-5.051877126857172,-1.580447764896972,G7,V
579,-4.8914720364311615,-1.3741006954270052,G0,V
580,-4.408163066391161,-0.6276855593323568,F9,V
581,-4.824731014173697,-1.3294971275184637,F5,V
582,-4.48151867538247,-0.8131724196385967,K1,V
583,-4.923502455284362,-1.283675696462728,F8,V
584,-4.662157343540536,-0.9935587005893038,F2,V
585,-4.944120449139659,-1.3586782682256096,G1,V
586,-4.937885920286959,-1.516836351459034,G8,V
587,-5.234168969377215,-1.1842019874608936,G1,IV
588,-4.841340952603817,-0.7961817240852053,K2,V
589,-5.297939131689689,-1.4479469852566158,K3,III
590,-5.126422270987555,-1.7711721405388192,G8,IV
591,-5.106605345263888,-1.6272092945208867,G8,V
592,-4.824887712721222,-1.6093632193639578,G0,V
593,-5.01182449127411,-1.7066271339462737,G2,V
594,-4.974218535002816,-1.2609635906098193,K3,V
595,-5.159840650965175,-1.848432705790447,K2,IV
596,-5.0794247260348975,-1.2128653015747808,G0,V
597,-4.8564887540485655,-1.1132463786339388,F7,V
598,-4.928985503209872,-1.3628582101849207,G1,V
599,-5.0649518232681805,-1.068855976092775,G0,V
600,-4.774002034724562,-1.8591134532957416,F5,V
601,-4.986379112628466,-0.9939795683905471,G4,V
602,-4.799327189178428,-1.0536353746280065,K4,V
603,-5.010883536706451,-1.841125146979881,G2,V
604,-4.801308061683107,-1.0710753650153706,F7,V
605,-4.388798503655728,-0.618187213825479,K4,V
606,-5.095151985936529,-1.7791968978725805,G4,V
607,-4.960877628845259,-1.0092020953449878,K2,V
608,-4.832501947690374,-1.129311160846109,K4,V
609,-5.083021195892866,-1.6965322164627379,G4,V
610,-4.982413405611053,-1.287269965921611,G7,V
611,-4.910685233697797,-1.4209175030339847,G7,V
612,-4.94208463641227,-1.1344073842812137,F7,V
613,-5.272238316544789,-1.7978570628116615,K2,III
614,-4.908178197160608,-1.3138311119332011,G5,V
615,-5.041338791390066,-1.0665116498797589,G8,V
616,-4.860882586365764,-0.828444930306221,K3,V
617,-4.826307537895763,-1.5050573953610724,F9,V
618,-5.129527150799584,-1.6947085437374805,G2,IV
619,-5.07186377506364,-1.2306776164595679,K2,V
620,-4.928871261999631,-0.9988604847607766,F7,V
621,-4.868538072071313,-1.4541745938586097,F7,V
622,-4.967300546329936,-1.0970910168496362,G8,V
623,-4.939236830107739,-1.6375344361559991,G6,V
624,-4.9126397279500456,-0.838880885272873,G8,V
625,-4.266452779617862,-0.6636686615759233,G0,V
626,-4.794712511771611,-0.9032725383737633,G0,V
627,-4.683204196638754,-0.6866154704115162,K4,V
628,-4.950306553997141,-1.0044401066793207,G0,V
629,-4.914447077677178,-1.100515609102804,K2,V
630,-5.166710013100032,-1.0418451443198182,G0,IV
631,-4.9319348208131615,-1.6422321563872198,G0,V
632,-4.669905930768594,-1.1220569943113734,K3,V
633,-5.111017852819969,-1.2363719973275056,G1,V
634,-5.131776469795657,-1.0519919786221612,G3,V
635,-5.14397861520779,-1.8375360318981009,G9,IV
636,-4.9209390381617695,-1.305844196906402,G8,V
637,-4.911524956003299,-1.7090207216570639,G2,V
638,-4.41355949777565,-0.8302816270012313,F5,V
639,-4.96197563007723,-1.047450950514749,G7,V
640,-4.927510338740347,-0.7265515666876584,G0,V
641,-5.061678678674892,-1.3773069646857592,G5,V
642,-5.116847220990104,-1.516279740818609,G1,V
643,-4.32732369810007,-0.398206805744158,G6,IV
644,-5.031618341176332,-1.4828296117519082,K2,V
645,-4.829453037421868,-0.8366038368702866,K3,V
646,-4.914820828471531,-1.5570655155642346,F8,V
647,-4.745057986584351,-0.4443283346753894,G1,V
648,-5.075092030304515,-1.630513951741519,G4,V
649,-4.907531483284736,-0.9265528471767017,F7,V
650,-5.116272286560124,-1.583449189764276,G6,V
651,-4.51845923198385,-0.88105079000482,F6,V
652,-4.875014591202854,-1.7969501942269437,F8,V
653,-5.282586559285021,-1.6121910778619275,G1,IV
654,-4.318104426921561,-0.5893557491211231,G6,V
655,-4.425209155850556,-0.7789094298202296,K2,V
656,-5.476565266986637,-1.405001923050285,G9,III
657,-4.8636681056747335,-1.1333847489604492,F6,V
658,-5.0580010037492515,-1.1635208601152236,G5,V
659,-5.146430811769068,-1.2998909972870232,G4,IV
660,-4.91069535235954,-0.9396623319443607,K4,V
661,-4.777489160064045,-0.7866740212313739,K0,V
662,-4.786060910112016,-1.2246539854490963,G8,V
663,-4.53148476020614,-0.8854864156340745,G2,V
664,-4.988739830268746,-1.5332517936333845,G2,V
665,-4.837830748961662,-0.6840988425953584,G5,V
666,-4.838668106378096,-1.1663981920638677,G1,V
667,-5.150173063594044,-0.986391930998197,G5,IV
668,-4.837471830086126,-0.807099234494391,K2,V
669,-5.028733422099351,-1.3525123241219787,G1,V
670,-4.793740264905747,-1.1301371312844068,G9,V
671,-4.997921217245141,-1.45305918362297,F9,IV
672,-5.108463257820246,-1.2242971183867857,G6,V
673,-5.264971156764498,-1.8197939681017719,K2,III
674,-4.398864590449456,-0.6850029741900553,K2,V
675,-4.90596502665459,-1.225424859158482,F9,V
676,-4.844654061761186,-0.9683499342048715,G2,V
677,-4.9503674051829725,-1.1630135835635715,F7,V
678,-4.990837582925336,-1.5755675044453952,G8,V
679,-4.9315792617584915,-1.034665326065508,G8,V
680,-4.423285921761622,-0.7756922472341904,K1,V
681,-4.920781078144858,-1.4529487516724786,G1,V
682,-4.890165949387547,-1.275577821386956,F8,V
683,-4.8776794755957,-1.510281109989832,G1,V
684,-4.928301439894798,-1.6930894005110377,F9,V
685,-4.736327772761518,-1.0983974301869661,K2,V
686,-4.843228005406424,-1.484194190460417,F8,V
687,-5.148075095106594,-1.0921425127996018,K0,IV
688,-5.01234399830123,-0.9695776238685908,F8,V
689,-4.46297289392798,-0.7844481679608737,G4,V
690,-4.936272218766122,-0.9297065492241772,F8,V
691,-4.381444327229496,-1.0886189232157328,G3,V
692,-4.755607963973097,-0.7343250218594393,K2,V
693,-4.985461863700807,-1.0133698509186821,K0,V
694,-5.126981090557066,-1.842234566287406,G9,IV
695,-4.63846985155019,-0.7698863923575927,K0,V
696,-4.759138809718692,-1.3406354989205402,G9,V
697,-4.4273007959331085,-0.6052569801286372,K2,V
698,-4.933968793804329,-1.303425339262328,F8,V
699,-4.758681886198913,-0.8699317435922985,K1,V
700,-4.930467240930518,-1.266930520952525,F7,V
701,-5.0559938887715505,-1.247353202546327,F9,V
702,-4.942865837830584,-0.8344944745901183,K1,V
703,-4.88962994645893,-1.1763194469970661,G0,V
704,-4.818754976414812,-0.8507545965597699,G1,V
705,-5.053926769488941,-1.05240380548834,G5,IV
706,-4.800870388547357,-0.8723333254677162,K1,V
707,-5.238670448368022,-1.1880033303563404,G3,IV
708,-4.830175728501083,-1.2967629651254657,F9,V
709,-4.481484737065852,-0.48817172070187537,F9,V
710,-4.75096561752698,-1.0970940861485585,G2,V
711,-5.091350328831119,-0.984822110660525,G1,V
712,-4.948861680834542,-0.8185421238601015,G7,V
713,-4.93711865832327,-1.0153749270575994,K2,V
714,-4.4242316630776095,-0.7704270104312165,F9,V
715,-5.044569861251904,-1.709449883749057,G5,V
716,-4.516391631987894,-0.6035064257797556,F9,V
717,-5.171869818201701,-1.1318099035849831,G5,IV
718,-4.957817021520508,-1.4091957868043634,K1,V
719,-4.998449944376186,-1.488210667089016,G3,V
720,-4.978523057664927,-1.6389444024992068,G3,V
721,-4.8922123746373885,-1.1151926581335159,F4,V
722,-4.989071096264583,-1.4468422589427292,G5,V
723,-4.645397352106392,-0.6125753474871293,F7,V
724,-4.725576894110254,-0.8099737532962729,K3,V
725,-5.001069973799028,-1.0413527645886067,G8,V
726,-5.04940839088482,-1.0045729973043118,G2,V
727,-4.74102720289383,-1.1541204863807697,G8,V
728,-5.257796005620692,-1.5707061132549487,K3,III
729,-4.787012548514677,-0.8486920663505657,K4,V
730,-4.114480906632261,-0.291108617617277,K2,V
731,-4.526969387119378,-0.954472051564775,K3,V
732,-4.818392073216025,-1.320865720149602,F8,V
733,-4.591463852851877,-0.7524885186148015,F6,V
734,-5.1431332118733195,-1.6352485026817571,G6,V
735,-5.017753624851136,-1.5451706857300436,G9,V
736,-5.095345186517944,-1.584425112981206,G7,V
737,-5.055260299771376,-1.068714522834652,G9,V
738,-4.622909927597785,-0.7308161576998403,F9,V
739,-4.813914356956372,-1.297292763812371,F8,V
740,-4.631685949099055,-0.5826322026816759,F6,V
741,-4.9384141457469815,-1.6851768928290016,G1,V
742,-5.006856977973701,-0.8626642750539374,G1,IV
743,-5.0735824616322,-1.5455256177409074,G9,V
744,-4.482414779316591,-1.1407763258444488,F2,V
745,-4.82128044509462,-1.4879380407937741,F9,V
746,-4.9606260875214945,-1.176637930079514,K4,V
747,-4.8137541468760405,-0.8326082413394043,G1,V
748,-5.02991306308629,-1.5150078122162811,G7,V
749,-5.012641976420378,-1.5957617742282124,G2,V
750,-4.488620500721829,-0.7095127449086001,G0,V
751,-4.975125894531887,-0.863888705739487,K2,V
752,-5.17149689685444,-1.0839037916035568,G3,IV
753,-5.003546314217775,-1.0392717335845483,K0,V
754,-5.111128533517456,-1.0773852313230707,G1,V
755,-5.383130937842163,-1.603846798006766,K4,III
756,-4.854491990162764,-1.290734101252165,G1,V
757,-4.940197608371286,-0.7431162462095408,K2,V
758,-5.296498396097593,-1.7336038072352191,K3,III
759,-4.870741275251628,-0.8276317369258406,K2,V
760,-4.813674827114842,-0.9273906534104436,K3,V
761,-4.867234001467594,-0.8529232478319277,K4,V
762,-4.512972008537268,-0.691535406337296,F8,V
763,-4.680381163474915,-0.8394391159706902,G0,V
764,-4.970774486867663,-1.8048229028690537,G0,V
765,-4.951443363501839,-1.4598961645582027,F9,V
766,-5.122255491735717,-1.3725821545370933,F8,IV
767,-5.0962696390704405,-1.63514980518254,G8,V
768,-4.67713114649132,-0.713588993710008,F7,V
769,-4.8166169814252076,-0.6361393842656143,G6,V
770,-4.972156736558191,-1.6397493795545972,F9,V
771,-4.995430448861399,-1.0485602399861302,G7,V
772,-5.016718117172031,-1.7156566706405525,G1,V
773,-4.9195037736002165,-1.4199725514520016,F9,V
774,-4.504458446460766,-1.290432678185672,F0,V
775,-4.483153566465492,-0.8297606430394369,K0,V
776,-5.0663783333142405,-1.1699617371895388,G1,V
777,-4.886383280657265,-1.6756206697624405,G0,V
778,-4.907787262108572,-1.2961040135656263,G3,V
779,-5.360557867008662,-1.7844718340659071,K3,III
780,-4.952030608882642,-1.4274828582381653,F9,V
781,-4.961958510827883,-1.3879145428970296,K1,V
782,-4.688364263337506,-0.5567217147654262,G4,V
783,-4.832665344440823,-0.8853336033083986,G3,V
784,-5.28271258242439,-1.890624661578461,K2,III
785,-5.15893972437382,-1.7789265238744465,K2,IV
786,-4.39192831957252,-0.5362371338281396,G1,V
787,-4.783149528426956,-1.0936379773939235,G6,V
788,-4.964287076163375,-0.8065049226438366,K2,V
789,-5.031292118240786,-1.7677049902083544,G7,V
790,-5.007598432931363,-1.0513622289397972,F6,V
791,-4.919483299416658,-1.2594011048539395,G3,V
792,-4.315758923950099,-0.8486299637803598,G1,V
793,-4.428936732534667,-0.41050439549897855,G6,V
794,-4.881179766467101,-1.252228212433541,G3,V
795,-4.840463867604002,-1.2202659318111093,G2,V
796,-4.956690871618874,-1.8654645741535458,G6,V
797,-5.082992479473495,-1.2844697680104713,F8,V
798,-5.25173260857372,-1.3878383534222722,G0,IV
799,-4.390063192940378,-0.6200059982112606,G3,V
800,-4.955828390297347,-1.48805640844462,G5,V
801,-4.851612751828805,-0.9579157150266022,G2,V
802,-5.06397345916054,-1.0346318449236638,G8,V
803,-5.032476912875629,-1.0066143575429836,F9,V
804,-4.6482737276591735,-0.8226202467416991,G1,V
805,-5.054866150516909,-1.5685847949898428,F9,V
806,-5.038721236346321,-1.071567516461222,G2,V
807,-5.054553468398562,-1.325839790718131,G2,V
808,-4.937511019300804,-1.616027671164979,F9,V
809,-4.741812468164189,-0.638344719960404,K2,V
810,-4.564374718928435,-0.7652738474577165,K2,V
811,-5.012514805935232,-1.4545436815183268,G1,V
812,-4.063819921755339,-0.333263802147345,G6,V
813,-4.40150095240133,-0.7914007565005329,G9,V
814,-5.12417271705432,-1.3984058550761231,G3,V
815,-4.90082510863495,-1.069645017468511,G1,V
816,-5.046298811919094,-1.8134833271924422,G3,V
817,-4.986785337046424,-1.5264424306704671,G3,V
818,-4.978721900400927,-1.2908570678191298,G8,V
819,-4.454957396565449,-1.163584313557467,G4,V
820,-5.023558690393119,-1.105056645074491,F9,V
821,-4.8744012362815035,-1.4427178109424559,F9,V
822,-4.572893685190707,-0.8432546521999406,K4,V
823,-4.940897211232698,-1.144342740979334,K3,V
824,-5.299134530919822,-1.9724227244128762,K3,III
825,-5.166027149629262,-1.648223060468948,G0,IV
826,-5.296276297961407,-1.832818074765929,K3,III
827,-5.116819895924936,-1.567406825862695,F6,IV
828,-5.069727945710246,-1.729773472041401,G4,V
829,-4.720854151277255,-1.3683438196801028,K0,III
830,-4.742307173157476,-0.6596752313770642,G2,V
831,-5.188254391466358,-1.3055083144700967,G2,IV
832,-4.777141577084441,-0.9606836530936337,G9,V
833,-4.89986181435008,-1.7947573124368883,F9,V
834,-4.744281562110466,-0.8420709692538868,G5,V
835,-4.83154792291946,-1.7132048595410674,F7,V
836,-4.782655077337602,-0.8477996158914953,G5,V
837,-5.253080152213524,-1.3595597892229772,G0,IV
838,-4.466107101327925,-0.6476218952064376,F2,V
839,-5.089145332704369,-1.6304282458310984,G1,IV
840,-4.942791767531075,-1.0557084331513473,K3,V
841,-5.041901572395399,-1.1855295707769251,G1,V
842,-5.148045623924788,-1.8441401608169035,G5,IV
843,-5.014653140507831,-1.2149484377253352,G9,V
844,-4.889288644904596,-1.3936581414863214,G1,V
845,-4.99473685023267,-1.4776893962972486,F8,V
846,-4.686395493263203,-0.8264670906192236,F6,V
847,-4.718988698607715,-1.5241330280655638,K4,V
848,-4.974373224638245,-1.7602559198729875,G0,V
849,-4.916611448754,-1.0964872700562374,F6,V
850,-4.9237064366751975,-1.6318129219579236,G1,V
851,-5.008149512336746,-1.5554319452291512,F9,V
852,-3.9974308830166234,-0.2335075387346423,K2,V
853,-5.012411711078306,-1.2644641416412294,G0,V
854,-5.1877035696118785,-1.433973247841578,G6,IV
855,-4.831432207860571,-1.2475294240034769,G3,V
856,-4.9982054185562035,-1.0214712018749315,G9,V
857,-4.847358448513009,-0.8125435093112074,G0,V
858,-5.000706401939877,-1.2333684806913692,G3,V
859,-5.223136306127415,-1.6348647299316195,G1,IV
860,-4.862814301334943,-0.743960879145411,K4,V
861,-4.710972283199733,-0.6108141353966758,K2,V
862,-5.008098397853406,-1.6116193491896385,G6,V
863,-4.93034511088891,-1.4297998219299388,G3,V
864,-4.929756220988143,-1.8838619784385933,G0,V
865,-5.097021066680397,-2.0559085825956247,F7,IV
866,-4.301009082969607,-0.5609299179107713,G6,V
867,-5.073629079157942,-1.0397706738714092,G9,V
868,-5.019582918846944,-0.9888512878593194,G3,V
869,-4.840557537414276,-1.4666027271133362,F7,V
870,-4.887821226247971,-1.2809722918347115,G3,V
871,-4.5274141043271605,-0.7162883067705204,G1,V
872,-5.177710031857516,-1.146215323603948,G1,V
873,-4.954300208360519,-1.0466701250377066,F7,V
874,-4.872179802671716,-0.8254518737870845,K1,III
875,-5.3955456339339,-1.910134806426308,K3,III
876,-4.643755700825657,-0.5180451019940934,G9,V
877,-5.1309007160711895,-1.156853553825771,G9,III
878,-4.461351831395731,-0.7954551194939408,K3,V
879,-4.942683106279616,-1.194969257573325,K2,V
880,-5.123949902238437,-1.182946938264706,F7,V
881,-4.725779843815107,-0.7379516071409848,G8,V
882,-4.51993228394081,-0.6990097321099044,K0,V
883,-4.8608747363956,-1.7767595872155149,G1,V
884,-4.795313837925671,-0.7755745574046115,G6,V
885,-5.042315402512809,-1.0633341913310603,K4,V
886,-4.952943028582384,-0.939290434031311,K2,V
887,-4.300246417362803,-0.43511044880102573,K2,V
888,-4.901148818498855,-1.629757462131719,G0,V
889,-5.020082339277925,-1.1839456103839745,G0,V
890,-4.611245165172179,-0.7501322529479791,F8,V
891,-5.036066932256972,-0.7633252706756274,K0,V
892,-4.7269938745825275,-1.1277749185150387,F7,V
893,-5.073684128719322,-1.5248149366023092,G5,V
894,-4.893410364737042,-0.9865229852737005,K0,V
895,-5.095062963737829,-1.4907310000103045,G3,V
896,-4.731367199354092,-0.4928731095412824,G1,V
897,-4.763936719314446,-0.8053600371154885,K3,V
898,-4.5245028705603,-1.0112382440754037,F4,V
899,-5.084902358712504,-1.0979475829668388,G9,V
900,-4.488666197571159,-0.6204683266988925,G2,V
901,-4.976726220707283,-1.142990901295014,G3,V
902,-5.035802329260873,-1.6585047767226864,F8,V
903,-4.847175767354176,-1.1293911311272162,F9,V
904,-4.9072768631379144,-1.3417280139548378,G1,V
905,-4.790496100662902,-0.7634625653693689,G0,V
906,-4.872385905774322,-0.8801325111373928,F9,V
907,-4.832067772262549,-0.8314103478726801,G6,V
908,-5.095762273341427,-1.636005754300634,G0,IV
909,-4.876015369288102,-1.0183677084323592,F6,V
910,-4.474331454674683,-1.0006635732890778,F4,V
911,-4.716446100126373,-0.8087799140900527,K1,V
912,-4.858921569259473,-1.1004658492497048,G0,V
913,-4.957106752331114,-1.6304472394047613,G2,V
914,-4.91759593290454,-1.6112633217546597,G0,V
915,-5.013169477925318,-1.194229996596808,G9,V
916,-5.03544008686282,-1.1640514690635595,G5,V
917,-4.780958628459496,-0.9410168789534276,F9,V
918,-4.767499769328102,-0.8114528687881537,K2,V
919,-4.984789198258221,-1.6459905090800686,G4,V
920,-4.928264518201327,-1.749100631860849,G0,V
921,-5.036975950681887,-1.5564822525316002,F9,V
922,-4.831871109046269,-1.3494199949171586,F9,V
923,-4.95486403566529,-0.8669183148008156,G8,V
924,-5.013765747265104,-0.7066676401065958,G9,V
925,-5.107681056397162,-1.7748020748648308,G8,V
926,-4.990246228093305,-0.9132017124073366,G0,V
927,-4.922186759556774,-1.138725045942396,K0,V
928,-5.109973606479531,-1.6713402945768547,G5,V
929,-5.029960880287203,-1.6197378189708533,F9,V
930,-5.0924347929267455,-1.3255263741801364,G9,V
931,-5.001856843589763,-1.3658660900635367,F9,V
932,-5.203253839778611,-1.9164363970663343,F7,IV
933,-4.4495753326649,-0.9422409205110891,K4,V
934,-5.090804157341364,-1.9592258596102545,G6,V
935,-4.821618943473329,-1.276927942368691,F9,V
936,-5.035235171953976,-0.9249668765237838,G2,V
937,-4.932796976252875,-1.1472867277447514,G0,V
938,-4.466858130051628,-1.0025874586176446,G1,V
939,-5.0277542791710985,-1.5546908247701472,F8,V
940,-4.922761212304924,-0.9379726944408813,F9,V
941,-4.983679094509711,-1.3195202457013402,G9,V
942,-4.936809267976234,-1.0021643968738565,G1,V
943,-5.05077728553692,-1.2081997621529614,F7,V
944,-4.735248151867709,-1.0186051691508227,G2,V
945,-5.033991574811306,-1.7229949886742653,F9,IV
946,-4.479424099240113,-1.143254283657593,F4,V
947,-5.05646493929422,-1.4218198478699087,K0,V
948,-5.348348873255353,-1.5589928648841926,K3,III
949,-4.716783026373444,-1.115229979461471,K1,V
950,-4.928870558331528,-1.2884619716898176,G3,V
951,-5.058132863345239,-1.096154569472364,G8,V
952,-4.874691198774008,-1.3990638560296422,F6,V
953,-5.070823981842289,-1.2749714893285056,G2,V
954,-4.9523937322690355,-1.1526508715613542,G2,V
955,-4.9859046426268945,-1.3875588807490877,G2,V
956,-4.598041719283044,-0.6222567427991367,G2,V
957,-4.962663186849074,-1.742485206157667,G3,V
958,-4.984866880844197,-1.5361752550239216,G1,V
959,-4.94460384107541,-1.0469474251236224,G2,V
960,-4.895171150829595,-1.5601864063899142,G2,V
961,-4.325573105871409,-0.4761240920612696,K1,V
962,-4.98686517725578,-1.0346195887250627,G4,V
963,-4.930518486205163,-1.598214320997084,G2,V
964,-4.817180030205331,-1.6552570124763069,K2,III
965,-4.782139601524654,-0.6084069303469518,G4,V
966,-4.794339881210402,-1.112512401745964,K3,V
967,-4.693580269896039,-0.6520317809183075,K0,V
968,-4.9954904140928065,-1.6162025405419786,G7,V
969,-4.721452414993565,-0.6497430927685434,G1,V
970,-4.8638950909313685,-0.9751576162016222,K2,V
971,-5.087761377395047,-1.1711327733081878,G0,V
972,-4.990254324655938,-1.0146143870302005,K5,V
973,-4.980831095786016,-1.0080166799294044,K2,V
974,-4.856969356189661,-0.8464537079653989,G9,V
975,-4.735036432786598,-0.9919490864212993,F3,V
976,-4.957176367103701,-1.1593377642583413,F9,V
977,-4.984190059170567,-1.1172502923021328,G7,V
978,-4.945544955299676,-1.7929346996490816,G0,V
979,-4.818505311395723,-1.2288829611018723,F5,V
980,-5.029223104974164,-1.022271070998242,K0,V
981,-4.843609466151368,-1.2928976173486308,G3,V
982,-4.399497646838513,-0.6165369614198859,G0,V
983,-5.021564757935678,-1.242554013356774,G0,V
984,-4.894626817019897,-0.8795753420022048,F8,V
985,-4.558498490159321,-1.2493560596514532,F2,V
986,-4.439485627413492,-0.8854708822427056,G8,V
987,-4.923883727627695,-0.9493695063708857,F8,V
988,-4.964313794743849,-1.1536994487092715,K1,V
989,-5.2150770544001,-1.285842514830506,F9,IV
990,-4.870197384831079,-0.9318280554821101,K3,V
991,-4.885496991008565,-1.7702716936784044,G1,V
992,-4.805894038742461,-0.8557267378235257,K3,V
993,-4.783218682333906,-0.964859199248729,G9,V
994,-4.961635538353394,-1.7908388625909575,G8,V
995,-5.154376289214933,-0.9999033348552326,K3,III
996,-4.851003062691601,-1.3902683134114726,F8,V
997,-4.966606238726267,-1.760739652857881,G2,V
998,-5.091658551105042,-1.7718540502651048,G1,IV
999,-5.012923748937214,-1.5926335181452413,G9,V
1000,-5.189201149967305,-1.2924686188246506,F8,IV
1001,-5.004225838222973,-1.4322516100378049,G8,V
1002,-4.882389030887247,-1.4407090225383152,G5,V
1003,-4.665701184475159,-0.700714608534756,F9,V
1004,-4.74004128320089,-0.6507826660236307,G9,V
1005,-4.697508036380175,-0.86851316498355,G3,V
1006,-4.937002272636533,-0.9946481831126479,F6,V
1007,-4.9223667511858205,-0.603191635265344,K3,V
1008,-4.685646589569203,-1.1383222845291918,K2,V
1009,-5.068324944575221,-1.239605106890484,F9,V
1010,-4.950443695903314,-1.8222927901276929,G6,V
1011,-4.974596742762085,-1.669545462637262,F9,IV
1012,-4.988404478634754,-1.338507718867371,F8,V
1013,-5.045034864115145,-1.0867888400024182,G8,V
1014,-5.157842358209302,-1.045743978316032,G3,V
1015,-5.228943840761365,-1.7502650591829934,G3,IV
1016,-4.95626362980766,-0.9127701848041161,K1,V
1017,-4.332237619616499,-0.5363371696476626,F7,V
1018,-4.828958338400846,-1.4249341842149468,G5,V
1019,-4.849977004323013,-1.4138405184045157,F8,V
1020,-5.061569910624843,-1.2913143952201263,G2,IV
1021,-5.220926878965613,-1.51090902094154,G5,IV
1022,-4.8655238252358854,-1.448971287609924,F8,V
1023,-5.1454346019563015,-1.3970269240421533,G1,IV
1024,-4.789483963531888,-0.9055694661261425,K2,V
1025,-4.904176206889239,-1.1692897544795402,F9,V
1026,-4.817887421388567,-1.0494836045057614,G2,V
1027,-5.016380788803636,-1.1789661562490978,G3,V
1028,-5.014057725579321,-0.8214339359791273,K2,V
1029,-5.082830651997749,-2.004038766931427,G4,V
1030,-4.978251253984081,-1.292831864553404,G9,V
1031,-4.652945382737753,-1.097391016209545,F4,V
1032,-4.971068935069766,-1.6927641337166424,G0,V
1033,-5.017013820875449,-1.173814129994364,F9,V
1034,-5.012936981193055,-1.4336299922956486,F6,V
1035,-5.037622242446803,-1.3994952467173594,G0,V
1036,-4.971558075702367,-1.079638581656567,G6,V
1037,-4.886696084072857,-1.5517865267994475,F9,V
1038,-5.22488537263293,-1.1891127649168522,G5,IV
1039,-4.9377632934939575,-0.860118904065713,F8,V
1040,-5.058966523853873,-1.231998534110305,G2,V
1041,-4.947168419483677,-1.2356315330958885,F7,V
1042,-4.858796378627595,-0.9043545180726341,G2,V
1043,-4.666987685393926,-0.681970870053964,F9,V
1044,-4.595435363515605,-0.6835220119892957,F9,V
1045,-4.888797024046819,-0.8291707306007678,F9,V
1046,-4.334402049661305,-0.646236864085975,G8,V
1047,-4.691991875790801,-0.8810155535120404,G1,V
1048,-4.761110122897947,-0.6253066650534035,F7,V
1049,-5.04805315581045,-1.7758678726787098,G3,V
1050,-5.121657754479863,-1.247293245753279,K2,III
1051,-4.526296326456538,-1.105036150055243,G8,V
1052,-4.906244272811178,-1.4183799384496945,G6,V
1053,-4.938292659496831,-1.657920378444567,G1,V
1054,-4.887331119444191,-1.5042743813130848,G8,V
1055,-4.980553410308803,-1.6732917626355683,G1,V
1056,-4.77607001194692,-1.4653644322947295,F8,V
1057,-5.036836768940659,-1.7535452571320702,G9,V
1058,-4.879630746491417,-1.345129547964717,G4,V
1059,-4.955408926445384,-1.7593296522552921,F9,V
1060,-4.886279586381223,-1.0832319345440302,K1,V
1061,-4.882850662858397,-1.5591956036227868,G3,V
1062,-5.074577204548652,-1.2683518770984246,G3,V
1063,-4.910882891837019,-0.8895760949945395,G9,V
1064,-4.840700284854124,-1.3641534882369035,G0,V
1065,-4.801552453894424,-1.0593543565194896,G9,V
1066,-4.457955818361276,-0.8873113236819475,F9,V
1067,-4.146586835114989,-0.3489131665740766,G7,V
1068,-4.944510854472416,-1.624545706966837,F8,V
1069,-4.892196191467536,-1.1480221635613217,G1,V
1070,-3.9363799674822966,-0.40811897032073124,K3,V
1071,-4.430296466076527,-0.6790989541556686,K2,V
1072,-4.108459405692267,-0.31337174555779046,K2,V
1073,-4.498255345199181,-0.6831970452396047,G7,V
1074,-4.434113638443634,-0.47752699094453127,K1,III
1075,-4.3968723828049745,-0.5825500838978844,G8,V
1076,-4.409290628784931,-0.8785940902843297,G9,V
1077,-4.838073597110843,-1.5931159627479003,F5,V
1078,-4.546342126892139,-0.965637717143607,K0,V
1079,-4.368238465277414,-0.7458652606605144,G8,V
1080,-4.013875736591456,-0.19888959410136361,K2,V
1081,-4.448289741086669,-0.6407802280225287,K2,V
1082,-4.323367848467881,-0.7348273066253359,K0,V
1083,-4.441967993756979,-1.0673649489603454,K4,V
1084,-4.496114551960187,-0.9321759808158981,F8,V
1085,-4.920674922936549,-1.438485844290724,F8,V
1086,-4.330078503847927,-0.8439088015633031,K1,V
1087,-3.6312572375640366,0.35382574946103923,G8,V
1088,-4.676482368121644,-1.072067289154714,F8,V
